Ultimo;Abertura;Maxima;Minima;Var%
333,35;333,35;333,35;333,35;-0,53%
335,14;335,14;335,14;335,14;-0,12%
335,55;335,55;335,55;335,55;-0,03%
335,65;335,65;335,65;335,65;-0,19%
336,3;336,3;336,3;336,3;0,38%
335,02;335,02;335,02;335,02;0,41%
333,66;333,66;333,66;333,66;-2,24%
341,31;341,31;341,31;341,31;-0,30%
342,35;342,35;342,35;342,35;1,39%
337,66;337,66;337,66;337,66;1,78%
331,75;331,75;331,75;331,75;1,62%
326,46;326,46;326,46;326,46;0,84%
323,73;323,73;323,73;323,73;-1,39%
328,29;328,29;328,29;328,29;2,23%
321,12;321,12;321,12;321,12;-0,90%
324,02;324,02;324,02;324,02;-0,29%
324,97;324,97;324,97;324,97;-1,00%
328,25;328,25;328,25;328,25;0,24%
327,45;327,45;327,45;327,45;3,87%
315,26;315,26;315,26;315,26;-1,39%
319,71;319,71;319,71;319,71;-5,02%
336,61;336,61;336,61;336,61;-0,09%
336,91;336,91;336,91;336,91;-2,26%
344,7;344,7;344,7;344,7;1,33%
340,18;340,18;340,18;340,18;0,15%
339,68;339,68;339,68;339,68;-0,03%
339,79;339,79;339,79;339,79;-1,40%
344,62;344,62;344,62;344,62;0,06%
344,42;344,42;344,42;344,42;-2,08%
351,72;351,72;351,72;351,72;1,29%
347,25;347,25;347,25;347,25;1,18%
343,21;343,21;343,21;343,21;1,60%
337,79;337,79;337,79;337,79;0,07%
337,54;337,54;337,54;337,54;-3,35%
349,23;349,23;349,23;349,23;1,14%
345,28;345,28;345,28;345,28;0,02%
345,21;345,21;345,21;345,21;1,42%
340,37;340,37;340,37;340,37;0,08%
340,09;340,09;340,09;340,09;0,00%
340,09;340,09;340,09;340,09;-3,04%
350,74;350,74;350,74;350,74;-0,48%
352,44;352,44;352,44;352,44;-1,21%
356,76;356,76;356,76;356,76;0,14%
356,26;356,26;356,26;356,26;-0,15%
356,8;356,8;356,8;356,8;-1,37%
361,75;361,75;361,75;361,75;-0,37%
363,11;363,11;363,11;363,11;1,15%
358,97;358,97;358,97;358,97;-1,23%
363,44;363,44;363,44;363,44;-0,95%
366,93;366,93;366,93;366,93;-2,48%
376,26;376,26;376,26;376,26;-0,85%
379,49;379,49;379,49;379,49;1,12%
375,28;375,28;375,28;375,28;-2,21%
383,76;383,76;383,76;383,76;-1,77%
390,69;390,69;390,69;390,69;1,95%
383,21;383,21;383,21;383,21;0,91%
379,76;379,76;379,76;379,76;0,50%
377,86;377,86;377,86;377,86;-0,20%
378,63;378,63;378,63;378,63;0,09%
378,29;378,29;378,29;378,29;2,58%
368,77;368,77;368,77;368,77;0,12%
368,31;368,31;368,31;368,31;2,28%
360,09;360,09;360,09;360,09;-0,52%
361,99;361,99;361,99;361,99;-6,91%
388,88;388,88;388,88;388,88;0,14%
388,34;388,34;388,34;388,34;4,45%
371,78;371,78;371,78;371,78;-4,67%
390,01;390,01;390,01;390,01;3,13%
378,19;378,19;378,19;378,19;5,13%
359,75;359,75;359,75;359,75;3,67%
347,02;347,02;347,02;347,02;1,43%
342,14;342,14;342,14;342,14;-0,22%
342,9;342,9;342,9;342,9;6,35%
322,42;322,42;322,42;322,42;-1,74%
328,14;328,14;328,14;328,14;0,00%
328,14;328,14;328,14;328,14;0,69%
325,88;325,88;325,88;325,88;2,44%
318,13;318,13;318,13;318,13;-7,18%
342,74;342,74;342,74;342,74;7,74%
318,13;318,13;318,13;318,13;-7,29%
343,14;343,14;343,14;343,14;0,12%
342,74;342,74;342,74;342,74;0,12%
342,32;342,32;342,32;342,32;0,02%
342,24;342,24;342,24;342,24;-0,15%
342,74;342,74;342,74;342,74;0,00%
342,74;342,74;342,74;342,74;-0,74%
345,31;345,31;345,31;345,31;0,69%
342,94;342,94;342,94;342,94;-0,19%
343,6;343,6;343,6;343,6;0,47%
341,98;341,98;341,98;341,98;2,29%
334,31;334,31;334,31;334,31;-0,93%
337,45;337,45;337,45;337,45;-1,33%
342;342;342;342;-4,22%
357,08;357,08;357,08;357,08;2,77%
347,44;347,44;347,44;347,44;3,25%
336,5;336,5;336,5;336,5;-0,15%
337,02;337,02;337,02;337,02;1,73%
331,29;331,29;331,29;331,29;1,45%
326,56;326,56;326,56;326,56;0,82%
323,91;323,91;323,91;323,91;-3,22%
334,7;334,7;334,7;334,7;0,64%
332,58;332,58;332,58;332,58;-4,86%
349,58;349,58;349,58;349,58;1,78%
343,46;343,46;343,46;343,46;-3,84%
357,17;357,17;357,17;357,17;1,08%
353,36;353,36;353,36;353,36;-1,36%
358,25;358,25;358,25;358,25;-2,60%
367,83;367,83;367,83;367,83;3,33%
355,97;355,97;355,97;355,97;0,41%
354,5;354,5;354,5;354,5;-1,22%
358,88;358,88;358,88;358,88;-1,59%
364,69;364,69;364,69;364,69;-3,99%
379,83;379,83;379,83;379,83;1,96%
372,52;372,52;372,52;372,52;-1,10%
376,66;376,66;376,66;376,66;0,56%
374,56;374,56;374,56;374,56;-1,43%
380,01;380,01;380,01;380,01;-3,60%
394,2;394,2;394,2;394,2;-3,24%
407,4;407,4;407,4;407,4;0,84%
404;404;404;404;-1,27%
409,21;409,21;409,21;409,21;2,57%
398,95;398,95;398,95;398,95;2,06%
390,89;390,89;390,89;390,89;2,99%
379,54;379,54;379,54;379,54;1,95%
372,27;372,27;372,27;372,27;0,04%
372,11;372,11;372,11;372,11;-3,69%
386,35;386,35;386,35;386,35;1,22%
381,69;381,69;381,69;381,69;0,14%
381,16;381,16;381,16;381,16;1,60%
375,16;375,16;375,16;375,16;0,16%
374,56;374,56;374,56;374,56;-0,34%
375,84;375,84;375,84;375,84;-1,51%
381,6;381,6;381,6;381,6;3,91%
367,25;367,25;367,25;367,25;0,08%
366,95;366,95;366,95;366,95;-1,64%
373,07;373,07;373,07;373,07;1,33%
368,19;368,19;368,19;368,19;1,69%
362,07;362,07;362,07;362,07;4,80%
345,5;345,5;345,5;345,5;-0,09%
345,8;345,8;345,8;345,8;0,14%
345,3;345,3;345,3;345,3;0,17%
344,7;344,7;344,7;344,7;-4,24%
359,96;359,96;359,96;359,96;0,83%
356,99;356,99;356,99;356,99;4,58%
341,34;341,34;341,34;341,34;2,20%
333,99;333,99;333,99;333,99;2,05%
327,27;327,27;327,27;327,27;1,78%
321,56;321,56;321,56;321,56;0,39%
320,31;320,31;320,31;320,31;2,06%
313,83;313,83;313,83;313,83;1,37%
309,6;309,6;309,6;309,6;0,67%
307,53;307,53;307,53;307,53;-0,03%
307,61;307,61;307,61;307,61;0,69%
305,5;305,5;305,5;305,5;0,25%
304,73;304,73;304,73;304,73;-0,65%
306,71;306,71;306,71;306,71;-1,49%
311,36;311,36;311,36;311,36;-3,24%
321,8;321,8;321,8;321,8;-0,61%
323,76;323,76;323,76;323,76;-1,93%
330,12;330,12;330,12;330,12;0,27%
329,22;329,22;329,22;329,22;0,37%
328;328;328;328;2,03%
321,48;321,48;321,48;321,48;-0,55%
323,27;323,27;323,27;323,27;0,21%
322,6;322,6;322,6;322,6;-1,08%
326,13;326,13;326,13;326,13;0,15%
325,63;325,63;325,63;325,63;0,00%
325,63;325,63;325,63;325,63;-0,60%
327,6;327,6;327,6;327,6;3,55%
316,36;316,36;316,36;316,36;4,63%
302,37;302,37;302,37;302,37;0,00%
302,37;302,37;302,37;302,37;-2,40%
309,82;309,82;309,82;309,82;-1,40%
314,22;314,22;314,22;314,22;0,77%
311,81;311,81;311,81;311,81;3,57%
301,05;301,05;301,05;301,05;-1,26%
304,9;304,9;304,9;304,9;-0,61%
306,77;306,77;306,77;306,77;2,15%
300,3;300,3;300,3;300,3;-0,58%
302,04;302,04;302,04;302,04;2,02%
296,05;296,05;296,05;296,05;2,76%
288,11;288,11;288,11;288,11;-1,59%
292,76;292,76;292,76;292,76;-1,90%
298,42;298,42;298,42;298,42;0,72%
296,28;296,28;296,28;296,28;-0,33%
297,26;297,26;297,26;297,26;1,04%
294,21;294,21;294,21;294,21;-0,78%
296,53;296,53;296,53;296,53;-0,75%
298,77;298,77;298,77;298,77;1,88%
293,26;293,26;293,26;293,26;1,16%
289,91;289,91;289,91;289,91;1,13%
286,67;286,67;286,67;286,67;0,53%
285,15;285,15;285,15;285,15;1,55%
280,8;280,8;280,8;280,8;-0,77%
282,97;282,97;282,97;282,97;-0,39%
284,08;284,08;284,08;284,08;0,84%
281,72;281,72;281,72;281,72;0,96%
279,03;279,03;279,03;279,03;-2,45%
286,05;286,05;286,05;286,05;-1,47%
290,31;290,31;290,31;290,31;-0,71%
292,38;292,38;292,38;292,38;-0,77%
294,65;294,65;294,65;294,65;0,80%
292,32;292,32;292,32;292,32;-1,27%
296,08;296,08;296,08;296,08;4,73%
282,7;282,7;282,7;282,7;-0,06%
282,88;282,88;282,88;282,88;-1,87%
288,28;288,28;288,28;288,28;-4,07%
300,5;300,5;300,5;300,5;-1,22%
304,2;304,2;304,2;304,2;0,09%
303,94;303,94;303,94;303,94;2,13%
297,59;297,59;297,59;297,59;-0,05%
297,73;297,73;297,73;297,73;-2,77%
306,2;306,2;306,2;306,2;-1,80%
311,81;311,81;311,81;311,81;2,31%
304,77;304,77;304,77;304,77;2,04%
298,68;298,68;298,68;298,68;-1,65%
303,69;303,69;303,69;303,69;-0,12%
304,07;304,07;304,07;304,07;1,17%
300,56;300,56;300,56;300,56;0,46%
299,18;299,18;299,18;299,18;-1,79%
304,64;304,64;304,64;304,64;-1,50%
309,29;309,29;309,29;309,29;1,35%
305,17;305,17;305,17;305,17;-0,13%
305,57;305,57;305,57;305,57;0,07%
305,35;305,35;305,35;305,35;0,99%
302,36;302,36;302,36;302,36;1,20%
298,77;298,77;298,77;298,77;-1,47%
303,23;303,23;303,23;303,23;-1,71%
308,5;308,5;308,5;308,5;0,11%
308,15;308,15;308,15;308,15;1,56%
303,41;303,41;303,41;303,41;2,74%
295,32;295,32;295,32;295,32;-1,72%
300,49;300,49;300,49;300,49;-0,17%
301;301;301;301;-0,35%
302,07;302,07;302,07;302,07;1,12%
298,73;298,73;298,73;298,73;1,94%
293,05;293,05;293,05;293,05;-1,07%
296,22;296,22;296,22;296,22;-2,81%
304,77;304,77;304,77;304,77;-0,82%
307,3;307,3;307,3;307,3;0,29%
306,41;306,41;306,41;306,41;0,52%
304,82;304,82;304,82;304,82;0,63%
302,9;302,9;302,9;302,9;0,39%
301,73;301,73;301,73;301,73;1,11%
298,41;298,41;298,41;298,41;-2,34%
305,56;305,56;305,56;305,56;1,32%
301,59;301,59;301,59;301,59;-1,30%
305,56;305,56;305,56;305,56;1,42%
301,28;301,28;301,28;301,28;-0,10%
301,59;301,59;301,59;301,59;1,37%
297,5;297,5;297,5;297,5;2,87%
289,2;289,2;289,2;289,2;0,03%
289,12;289,12;289,12;289,12;-1,11%
292,36;292,36;292,36;292,36;0,26%
291,59;291,59;291,59;291,59;0,31%
290,69;290,69;290,69;290,69;-0,03%
290,78;290,78;290,78;290,78;2,58%
283,47;283,47;290,48;283,47;0,68%
281,55;281,55;281,92;281,55;-0,32%
282,45;282,45;282,45;281,67;0,11%
282,13;282,31;282,31;282,13;-0,74%
284,23;284,85;284,85;284,23;-0,27%
285,01;286,26;286,26;285,01;-0,06%
285,19;286,25;286,25;285,19;-0,33%
286,14;289,58;289,58;286,14;-1,19%
289,58;289,88;289,88;289,58;0,10%
289,3;295,74;295,74;289,3;-1,89%
294,86;298,19;298,19;294,86;-0,87%
297,44;302,43;302,43;297,44;-1,96%
303,38;302,24;303,38;302,24;0,75%
301,12;299;301,12;299;1,10%
297,84;297,62;297,84;297,62;-0,26%
298,61;301,56;301,56;298,61;-0,82%
301,09;299,84;301,09;299,84;0,82%
298,65;298,42;298,65;298,42;0,17%
298,13;299,21;299,21;298,13;-0,04%
298,24;292,99;298,24;292,99;2,36%
291,37;299;299;291,37;-1,42%
295,57;309,57;309,57;295,57;-4,36%
309,05;314,69;314,69;309,05;-1,27%
313,02;314,83;314,83;313,02;-0,14%
313,45;323,48;323,48;313,45;-3,21%
323,84;332,12;332,12;323,84;-2,71%
332,87;332,64;332,87;332,64;0,30%
331,89;340,73;340,73;331,89;-2,87%
341,68;316,09;341,68;316,09;5,38%
324,25;323,48;324,81;323,48;0,03%
324,15;323,48;324,15;323,48;0,56%
322,36;320,41;322,36;320,41;1,04%
319,03;314,4;319,03;314,4;1,67%
313,8;314,39;314,39;313,8;-0,17%
314,34;316,09;316,09;314,34;-0,33%
315,38;314,73;315,38;314,73;0,28%
314,51;314,03;314,51;314,03;0,57%
312,73;312,05;312,73;312,05;0,30%
311,81;314,59;314,59;311,81;-0,78%
314,26;315,97;315,97;314,26;-0,16%
314,76;311,14;314,76;311,14;1,65%
309,65;312,26;312,26;309,65;-0,99%
312,76;306,97;312,76;306,97;0,27%
311,92;317,87;317,87;311,92;-1,20%
315,7;324,73;324,73;315,7;-3,61%
327,53;330,48;330,48;327,53;-0,59%
329,47;327,86;329,47;327,86;0,22%
328,76;323,79;328,76;323,79;1,35%
324,39;316,28;324,39;316,28;3,15%
314,48;310,16;314,48;310,16;2,23%
307,62;306,97;307,62;306,97;0,39%
306,42;305,88;306,42;305,88;0,32%
305,45;315,27;315,27;305,45;-4,32%
319,24;307,48;319,24;307,48;3,44%
308,63;294,58;308,63;294,58;5,13%
293,57;291,87;293,57;291,87;0,54%
291,99;285,3;291,99;285,3;2,33%
285,34;283,69;285,34;283,69;0,55%
283,79;284,01;284,01;283,79;-0,05%
283,94;290,76;290,76;283,94;-2,33%
290,71;291,76;291,76;290,71;-0,16%
291,18;288,28;291,18;288,28;1,68%
286,37;288,27;288,27;286,37;0,00%
286,36;285,51;286,36;285,51;0,56%
284,76;288,91;288,91;284,76;-1,44%
288,92;288,18;288,92;288,18;0,51%
287,46;288,11;288,11;287,46;-0,35%
288,46;283,78;288,46;283,78;2,08%
282,57;285,06;285,06;282,57;-0,78%
284,78;285,94;285,94;284,78;0,27%
284;287,37;287,37;284;-1,01%
286,91;281,66;286,91;281,66;1,83%
281,75;279,72;281,75;279,72;1,04%
278,84;274,56;278,84;274,56;1,50%
274,73;274,72;274,73;274,72;-0,15%
275,13;276,56;276,56;275,13;-0,88%
277,56;277,07;277,56;277,07;0,84%
275,24;261,49;275,24;261,49;4,94%
262,29;260,6;262,29;260,6;0,29%
261,54;259,48;261,54;259,48;0,07%
261,35;261,92;261,92;261,35;-0,07%
261,53;260,15;261,53;260,15;0,51%
260,2;259,53;260,2;259,53;0,00%
260,21;261,02;261,02;260,21;-1,99%
265,49;262,03;265,49;262,03;1,43%
261,75;258,18;261,75;258,18;1,14%
258,81;256,44;258,81;256,44;0,64%
257,16;256,54;257,16;256,54;-0,02%
257,2;256,81;257,2;256,81;0,05%
257,08;258,28;258,28;257,08;-0,51%
258,4;258,41;258,41;258,4;-0,11%
258,69;255,27;258,69;255,27;0,91%
256,35;262,12;262,12;256,35;-1,02%
258,99;262,12;262,12;258,99;-1,31%
262,43;262,44;262,44;262,43;-0,03%
262,5;265,2;265,2;262,5;-1,29%
265,94;268,66;268,66;265,94;-1,08%
268,84;269,83;269,83;268,84;-0,95%
271,41;270,49;271,41;270,49;0,19%
270,89;266,04;270,89;266,04;2,18%
265,11;260,88;265,11;260,88;1,18%
262,01;258,16;262,01;258,16;1,01%
259,39;257,07;259,39;257,07;0,80%
257,32;258,56;258,56;257,32;-0,32%
258,15;261,78;261,78;258,15;-1,39%
261,78;263,32;263,32;261,78;-0,83%
263,96;262,31;263,96;262,31;0,28%
263,22;261,65;263,22;261,65;0,66%
261,49;260,69;261,49;260,69;0,32%
260,65;256,59;260,65;256,59;1,11%
257,79;255,43;257,79;255,43;-0,01%
257,82;255,19;257,82;255,19;0,71%
256,01;254,34;256,01;254,34;0,76%
254,08;250,96;254,08;250,96;1,18%
251,12;253,61;253,61;251,12;-1,61%
255,22;254,3;255,22;254,3;0,02%
255,18;251,79;255,18;251,79;1,15%
252,27;250,86;252,27;250,86;0,26%
251,62;251,61;251,62;251,61;0,12%
251,32;252,23;252,23;251,32;-0,40%
252,33;252,68;252,68;252,33;-1,52%
256,22;256,61;256,61;256,22;-0,71%
258,04;252,62;258,04;252,62;1,61%
253,94;252,35;253,94;252,35;0,02%
253,9;250,37;253,9;250,37;1,65%
249,78;255,82;255,82;249,78;-2,62%
256,51;251,67;256,51;251,67;1,94%
251,63;252,07;252,07;251,63;-0,45%
252,76;253,3;253,3;252,76;-0,67%
254,47;248,57;254,47;248,57;1,57%
250,53;247,33;250,53;247,33;1,21%
247,53;243,02;247,53;243,02;1,41%
244,1;242,74;244,1;242,74;0,04%
244,01;245,02;245,02;244,01;-0,87%
246,15;243,83;246,15;243,83;0,19%
245,69;239,2;245,69;239,2;2,35%
240,06;237,11;240,06;237,11;1,17%
237,29;237,41;237,41;237,29;0,14%
236,95;238,24;238,24;236,95;-0,48%
238,09;241,33;241,33;238,09;-1,69%
242,19;242,86;242,86;242,19;-0,26%
242,83;244,13;244,13;242,83;-1,35%
246,16;245,52;246,16;245,52;-0,53%
247,47;242,7;247,47;242,7;2,39%
241,7;243,1;243,1;241,7;-0,38%
242,63;238,71;253,84;238,71;0,96%
240,33;240,32;240,33;240,32;0,02%
240,28;238,71;240,28;238,71;0,97%
237,97;238,33;238,33;237,97;0,16%
237,58;239,33;239,33;237,58;-0,07%
237,75;240,32;240,32;237,75;-0,53%
239,01;241,46;241,46;239,01;-0,81%
240,97;241;241;240,97;0,18%
240,54;244,52;244,52;240,54;-1,19%
243,43;242,25;243,43;242,25;0,83%
241,43;246,47;246,47;241,43;-1,69%
245,59;250,33;250,33;245,59;-1,41%
249,1;249,91;249,91;249,1;0,07%
248,92;251,1;251,1;248,92;-0,11%
249,19;255,27;255,27;249,19;-1,46%
252,88;255,27;255,27;252,88;-0,38%
253,85;255,47;255,47;253,85;-0,06%
253,99;257,54;257,54;253,99;-0,38%
254,97;255,18;255,18;254,97;0,79%
252,96;259,68;259,68;252,96;-2,06%
258,28;257,45;258,28;257,45;1,03%
255,64;255,18;255,64;255,18;0,58%
254,16;253,6;254,16;253,6;0,83%
252,08;255,2;255,2;252,08;-0,87%
254,29;257,86;257,86;254,29;-0,90%
256,6;252,74;256,6;252,74;2,02%
251,51;250,8;251,51;250,8;0,91%
249,25;267,6;267,6;249,25;-0,80%
251,27;261,16;261,16;251,27;-3,41%
260,14;267,6;267,6;260,14;-2,60%
267,08;271,43;271,43;267,08;-1,13%
270,12;269,57;270,12;269,57;0,77%
268,05;268,69;268,69;268,05;0,57%
266,54;266,96;266,96;266,54;0,10%
266,27;269,55;269,55;266,27;-0,65%
268;272,84;272,84;268;-0,97%
270,62;268,77;270,62;268,77;1,34%
267,03;266,93;267,03;266,93;0,49%
265,73;269,62;269,62;265,73;-0,90%
268,14;273,5;273,5;268,14;-1,69%
272,76;276,08;276,08;272,76;-0,53%
274,2;272,48;274,2;272,48;1,22%
270,9;277,39;277,39;270,9;-1,71%
275,6;284,38;284,38;275,6;-2,22%
281,86;292,33;292,33;281,86;-3,22%
291,25;293,67;293,67;291,25;-0,51%
292,74;297,11;297,11;292,74;-0,89%
295,38;296,31;296,31;295,38;-0,29%
296,24;295,68;296,24;295,68;0,96%
293,42;300,83;300,83;293,42;-1,75%
298,64;294,47;298,64;294,47;2,41%
291,62;298,33;298,33;291,62;-1,77%
296,86;298,43;298,43;296,86;-0,29%
297,73;297,62;297,73;297,62;0,29%
296,87;299,23;299,23;296,87;-0,01%
296,9;305,68;305,68;296,9;-2,43%
304,29;304,07;304,29;304,07;0,85%
301,73;297,45;301,73;297,45;2,22%
295,19;295,32;295,32;295,19;0,16%
294,71;286,72;294,71;286,72;3,19%
285,6;282,45;285,6;282,45;1,65%
280,97;274,2;280,97;274,2;4,41%
269,09;268,69;269,09;268,69;-0,06%
269,26;275,45;275,45;269,26;-2,29%
275,58;271,34;275,58;271,34;0,95%
272,99;277;277;272,99;-1,65%
277,58;278,83;278,83;277,58;-0,43%
278,78;278,6;278,78;278,6;-0,08%
279,01;275,13;279,01;275,13;1,57%
274,71;286,35;286,35;274,71;-5,03%
289,25;290,72;290,72;289,25;0,01%
289,21;296,41;296,41;289,21;-1,51%
293,63;272,34;293,63;272,34;7,63%
272,82;273,81;273,81;272,82;-0,04%
272,93;270,91;272,93;270,91;0,64%
271,19;271,11;271,19;271,11;-0,88%
273,61;262,9;273,61;262,9;3,63%
264,03;271,52;271,52;264,03;-2,85%
271,78;265,78;271,78;265,78;1,08%
268,87;250,28;268,87;250,28;7,32%
250,54;254,03;254,03;250,54;-1,15%
253,46;261,09;261,09;253,46;-3,40%
262,382;242,99;262,382;242,99;8,66%
241,47;238,89;241,47;238,89;1,35%
238,26;237,74;238,26;237,74;1,47%
234,8;236,58;236,58;234,8;0,16%
234,42;233,11;234,42;233,11;1,19%
231,67;233,32;233,32;231,67;0,10%
231,43;233,15;233,15;231,43;-0,02%
231,48;234,74;234,74;231,48;-0,91%
233,6;235,82;235,82;233,6;-0,68%
235,19;229,22;235,19;229,22;3,12%
228,07;229,26;229,26;228,07;0,33%
227,33;229,24;229,24;227,33;-0,17%
227,71;232,21;232,21;227,71;-0,74%
229,4;241,72;241,72;229,4;-0,56%
230,7;241,72;241,72;230,7;-4,03%
240,39;246,5;246,5;240,39;-2,79%
247,29;245,62;247,29;245,62;1,27%
244,2;233,51;244,2;233,51;-1,07%
246,84;246,43;246,84;246,43;0,49%
245,64;246,43;246,43;245,64;-0,60%
247,12;240,93;247,12;240,93;2,25%
241,69;238,26;241,69;238,26;1,23%
238,76;231,6;238,76;231,6;2,49%
232,95;233,51;233,51;232,95;-1,28%
235,96;233,34;235,96;233,34;0,07%
235,79;233,34;235,79;233,34;-0,01%
235,81;225,97;235,81;225,97;3,58%
227,67;227,07;227,67;227,07;1,67%
223,92;227,87;227,87;223,92;-1,73%
227,86;227,07;227,86;227,07;0,16%
227,49;221,37;227,49;221,37;2,22%
222,54;218,48;222,54;218,48;1,41%
219,45;214,66;219,45;214,66;2,40%
214,31;211,6;214,31;211,6;0,00%
214,3;208,5;214,3;208,5;2,95%
208,161;208,161;208,161;208,161;-0,37%
208,94;207,59;208,94;207,59;0,00%
208,94;207,7;208,94;207,7;-0,09%
209,12;207,7;209,12;207,7;-0,31%
209,77;209,59;209,77;209,59;-0,92%
211,72;210,5;211,72;210,5;0,03%
211,66;210,5;211,66;210,5;0,00%
211,66;212,55;212,55;211,66;-1,18%
214,18;215,27;215,27;214,18;-0,96%
216,26;217,25;217,25;216,26;-0,67%
217,72;215,37;217,72;215,37;0,70%
216,2;213,45;216,2;213,45;1,05%
213,96;215,34;215,34;213,96;-0,83%
215,75;215,37;215,75;215,37;-0,19%
216,15;219,98;219,98;216,15;-0,73%
217,74;219,98;219,98;217,74;-1,46%
220,97;218,94;220,97;218,94;0,54%
219,79;231,45;231,45;219,79;-0,91%
221,81;219,98;221,81;219,98;0,64%
220,39;220,73;220,73;220,39;0,03%
220,32;231,45;231,45;220,32;0,48%
219,26;218,9;219,26;218,9;0,10%
219,04;221,94;221,94;219,04;-1,44%
222,24;222,22;222,24;222,22;0,33%
221,5;231,45;231,45;221,5;-4,66%
232,33;229,27;232,33;229,27;1,01%
230;231,44;231,44;230;-1,19%
232,76;232,29;232,76;232,29;0,02%
232,72;231,44;232,72;231,44;0,03%
232,64;237,19;237,19;232,64;-2,24%
237,96;237,87;237,96;237,87;-0,27%
238,6;238,83;238,83;238,6;-0,54%
239,89;239,9;239,9;239,89;0,33%
239,1;241,55;241,55;239,1;-1,19%
241,98;240,88;241,98;240,88;0,40%
241,02;245,7;245,7;241,02;-2,76%
247,86;242,24;247,86;242,24;2,32%
242,24;242,24;242,24;242,24;4,56%
231,68;231,68;231,68;231,68;1,69%
227,84;252,34;252,34;227,84;-9,86%
252,75;256,89;256,89;252,75;-2,04%
258,01;265,82;265,82;258,01;-3,96%
268,64;274,22;274,22;268,64;-2,45%
275,39;280,5;280,5;275,39;-1,78%
280,37;280,37;280,37;280,37;0,01%
280,35;282,54;282,54;279,12;-0,78%
282,54;281,66;282,54;281,66;-1,03%
285,47;274,75;285,47;274,75;3,32%
276,31;276,62;276,62;276,31;-0,74%
278,37;273,86;278,37;273,86;1,49%
274,29;274,28;274,29;274,28;-1,97%
279,79;281,7;281,7;279,79;0,74%
277,74;279,8;279,8;277,74;-0,92%
280,32;282,73;282,73;280,32;-0,85%
282,71;281,7;282,71;281,7;0,31%
281,85;285,45;285,45;281,85;-1,72%
286,78;284,38;286,78;284,38;0,12%
286,43;285,4;286,43;285,4;1,49%
282,22;278,9;282,22;278,9;1,15%
279,01;278,95;279,01;278,95;-0,01%
279,03;285,4;285,4;279,03;-2,39%
285,87;307,38;307,38;285,87;-1,26%
289,51;295,55;295,55;289,51;-0,83%
291,92;296,43;296,43;291,92;-1,10%
295,16;307,38;307,38;295,16;-4,23%
308,21;306,25;308,21;306,25;0,25%
307,45;309,33;309,33;307,45;-1,18%
311,12;314,83;314,83;311,12;-1,48%
315,8;313,04;315,8;313,04;1,30%
311,76;313,05;313,05;311,76;-0,31%
312,73;313,04;313,04;312,73;-1,03%
315,98;313,05;315,98;313,05;2,58%
308,03;258,39;308,03;258,39;3,30%
298,19;290,86;298,19;290,86;1,93%
292,54;263,18;292,54;263,18;8,71%
269,09;260,28;269,09;260,28;1,41%
265,35;258,39;265,35;258,39;0,90%
262,98;260,28;262,98;260,28;-0,22%
263,55;263,18;263,55;263,18;-1,01%
266,25;263,98;266,25;263,98;-0,88%
268,62;266,9;268,62;266,9;1,13%
265,62;270,26;270,26;265,62;-2,47%
272,34;274,33;274,33;272,34;-2,11%
278,22;270,26;278,22;270,26;1,95%
272,9;270,26;272,9;270,26;0,02%
272,84;274,29;274,29;272,84;1,61%
268,52;288,64;288,64;268,52;3,15%
260,31;274,29;274,29;260,31;-2,63%
267,33;274,29;274,29;267,33;-4,17%
278,97;274,29;278,97;274,29;0,56%
277,43;283,32;283,32;277,43;-3,24%
286,72;286,04;286,72;286,04;-0,96%
289,51;276,58;289,51;276,58;3,56%
279,57;278,34;279,57;278,34;-0,96%
282,27;285,9;285,9;282,27;-2,31%
288,94;288,64;288,94;288,64;-3,39%
299,07;288,81;299,07;288,81;2,72%
291,16;285,65;291,16;285,65;1,09%
288,02;291,398;291,398;288,02;-2,16%
294,37;289,6;294,37;289,6;0,80%
292,04;277,48;292,04;277,48;2,12%
285,97;277,48;285,97;277,48;4,15%
274,57;270,85;274,57;270,85;1,09%
271,61;272,59;272,59;271,61;-1,23%
275;277,52;277,52;275;-2,18%
281,13;277,198;281,13;277,198;0,47%
279,82;282,7;282,7;279,82;-1,48%
284,01;282,7;284,01;282,7;-1,00%
286,88;280,16;286,88;280,16;1,63%
282,28;281,952;282,28;279,97;0,12%
281,952;281,952;281,952;281,952;-1,78%
287,05;279,83;287,05;279,83;1,26%
283,48;284,52;284,52;283,48;-1,42%
287,56;282,05;287,56;282,05;0,07%
287,35;289,58;289,58;287,35;-1,72%
292,37;286,6;292,37;286,6;2,65%
284,81;264,64;284,81;264,64;6,28%
267,97;274,08;274,08;267,97;-2,57%
275,05;283,64;283,64;275,05;-4,33%
287,51;293,3;293,3;287,51;-2,35%
294,43;302,67;302,67;294,43;-3,10%
303,84;296,19;303,84;296,19;1,46%
299,48;298,11;299,48;298,11;-1,05%
302,651;299,82;302,651;299,82;1,49%
298,21;300,32;300,32;298,21;-1,81%
303,71;278,34;303,71;278,34;1,13%
300,33;321,85;321,85;300,33;1,17%
296,85;292,95;296,85;292,95;1,54%
292,36;284,62;292,36;284,62;2,19%
286,1;321,85;321,85;286,1;-0,64%
287,95;307,39;307,39;287,95;0,55%
286,38;296,19;296,19;286,38;-3,30%
296,16;309,53;309,53;296,16;-5,21%
312,43;320,58;320,58;312,43;-2,54%
320,58;323,293;323,293;320,58;-0,84%
323,293;323,293;323,293;323,293;1,99%
316,97;321,56;321,56;316,97;-0,58%
318,82;307,39;318,82;307,39;3,73%
307,36;314,77;314,77;307,36;-3,89%
319,81;319,68;319,81;319,68;0,04%
319,68;324,32;324,32;319,68;-1,58%
324,81;314,77;324,81;314,77;1,95%
318,6;307,38;318,6;307,38;3,65%
307,38;264,88;307,38;264,88;-3,59%
318,83;321,85;321,85;318,83;-0,91%
321,75;330,71;330,71;321,75;-2,70%
330,67;282,93;330,67;282,93;14,88%
287,85;278,34;287,85;278,34;3,40%
278,39;267,2;278,39;267,2;4,18%
267,21;264,88;267,21;264,88;0,83%
265;285,67;302,39;265;-7,92%
287,801;285,63;285,63;285,63;0,75%
285,67;302,39;302,39;285,67;-5,52%
302,37;330,82;330,82;302,37;-8,60%
330,81;339,84;339,84;330,81;-4,05%
344,76;326,15;344,76;326,15;5,68%
326,24;326,15;326,24;326,15;0,05%
326,08;331,03;331,03;326,08;-1,51%
331,08;363,89;363,89;331,08;-9,02%
363,89;363,83;363,89;363,83;0,01%
363,85;354,41;363,85;354,41;2,68%
354,36;368,68;368,68;354,36;-3,88%
368,65;382,38;382,38;368,65;-3,61%
382,46;378,99;382,46;378,99;0,98%
378,73;397,13;397,13;378,73;-4,64%
397,14;396,6;397,14;396,6;0,12%
396,65;396,882;396,882;396,65;-0,05%
396,84;382,86;396,84;382,86;3,83%
382,21;382,86;382,86;382,21;3,62%
368,86;377,13;377,13;368,86;0,00%
368,86;377,13;377,13;368,86;-2,14%
376,94;382,86;382,86;376,94;-1,53%
382,8;368,72;382,8;368,72;3,87%
368,53;351,44;368,53;351,44;-1,19%
372,98;351,44;372,98;351,44;0,02%
372,91;373,139;373,139;372,91;3,87%
359;373,139;373,139;359;-3,77%
373,06;425,572;425,572;373,06;-7,94%
405,23;425,572;425,572;405,23;-4,77%
425,53;420,24;425,53;420,24;1,31%
420,03;381,92;420,03;381,92;9,98%
381,93;377,8;381,93;377,8;2,59%
372,3;351,44;372,3;351,44;0,02%
372,22;351,44;372,22;351,44;5,88%
351,56;347,41;351,56;347,41;1,25%
347,21;350,898;350,898;347,21;-2,64%
356,61;350,898;356,61;350,898;1,63%
350,89;328,14;350,89;328,14;6,77%
328,63;356,79;356,79;328,63;0,05%
328,46;318,38;328,46;318,38;3,17%
318,38;289,96;318,38;289,96;0,00%
318,38;356,79;356,79;318,38;-15,30%
375,9;375,9;375,9;375,9;-0,05%
376,07;394,93;394,93;376,07;-4,76%
394,85;408,32;408,32;394,85;-3,19%
407,87;389,63;407,87;389,63;4,68%
389,63;289,96;389,63;289,96;0,04%
389,46;328,14;389,46;328,14;18,68%
328,15;289,96;328,15;289,96;-0,01%
328,19;289,96;328,19;289,96;1,81%
322,34;289,96;322,34;289,96;11,17%
289,96;361,41;361,41;289,96;1,59%
285,42;361,41;361,41;285,42;-21,03%
361,41;420,44;420,44;361,41;-14,04%
420,44;397,65;420,44;397,65;5,35%
399,1;397,65;399,1;397,65;-4,10%
416,17;447,84;447,84;416,17;-7,07%
447,84;375,08;447,84;375,08;19,40%
375,08;389,09;389,09;375,08;-2,98%
386,61;325,91;386,61;325,91;18,39%
326,57;362,23;362,23;326,57;-11,29%
368,12;297,56;368,12;297,56;23,74%
297,5;250,87;297,5;250,87;18,59%
250,87;250,87;250,87;250,87;14,52%
219,06;219,06;219,06;219,06;0,00%
219,07;207,63;219,07;207,63;5,54%
207,57;187,23;207,57;187,23;10,89%
187,18;195,9;195,9;187,18;-4,46%
195,92;200,88;200,88;195,92;-3,79%
203,64;208,46;208,46;203,64;-4,58%
213,41;203,12;213,41;203,12;5,24%
202,78;189,3;202,78;189,3;8,25%
187,33;184,45;187,33;184,45;2,40%
182,94;175,47;182,94;175,47;4,33%
175,34;169,88;175,34;169,88;3,94%
168,7;168,98;168,98;168,7;0,29%
168,22;169,14;169,14;168,22;0,24%
167,82;169;169;167,82;-0,23%
168,2;170,06;170,06;168,2;-0,22%
168,57;169,98;169,98;168,57;0,04%
168,51;174,1;174,1;168,51;-2,32%
172,52;174,1;174,1;172,52;0,09%
172,37;175;175;172,37;-0,78%
173,72;176,69;176,69;173,72;-0,98%
175,44;177,55;177,55;175,44;-0,28%
175,93;175,93;175,93;175,93;2,42%
171,78;173,1;173,1;171,78;0,24%
171,37;176,05;176,05;171,37;-1,50%
173,98;179,67;179,67;173,98;-2,25%
177,98;181,19;181,19;177,98;-1,63%
180,92;176,69;180,92;176,69;2,31%
176,83;172,66;176,83;172,66;3,28%
171,22;177,8;177,8;171,22;-2,49%
175,6;184,96;184,96;175,6;-4,67%
184,2;180,32;184,2;180,32;2,46%
179,77;177,96;179,77;177,96;1,36%
177,35;176,63;177,35;176,63;1,07%
175,47;177,44;177,44;175,47;-0,29%
175,98;176,65;176,65;175,98;0,23%
175,57;176,68;176,68;175,57;-0,01%
175,58;175,76;175,76;175,58;1,04%
173,77;178,48;178,48;173,77;-0,01%
173,78;178,62;178,62;173,78;-2,68%
178,57;178,62;178,62;178,57;0,35%
177,95;177,49;177,95;177,49;0,74%
176,65;175,61;176,65;175,61;1,02%
174,87;175,8;175,8;174,87;-0,29%
175,38;177,58;177,58;175,38;-1,06%
177,25;176,53;177,25;176,53;0,31%
176,7;177,23;177,23;176,7;-0,62%
177,81;175,95;177,81;175,95;1,56%
175,08;177,61;177,61;175,08;-1,26%
177,32;177,61;177,61;177,32;0,00%
177,32;177,56;177,56;177,32;-0,34%
177,92;178,41;178,41;177,92;-0,11%
178,12;180,4;180,4;178,12;-1,25%
180,37;182,32;182,32;180,37;-0,69%
181,62;182,19;182,19;181,62;-0,01%
181,64;182,33;182,33;181,64;-0,12%
181,85;182,32;182,32;181,85;-0,05%
181,94;182,28;182,28;181,94;0,06%
181,83;177,59;181,83;177,59;2,52%
177,36;175,58;177,36;175,58;1,41%
174,9;175,76;175,76;174,9;-0,31%
175,44;179,09;179,09;175,44;-1,65%
178,38;179,87;179,87;178,38;-0,58%
179,42;185,82;185,82;179,42;-3,33%
185,61;192,73;192,73;185,61;-3,20%
191,75;194,56;194,56;191,75;-1,41%
194,5;195,42;195,42;194,5;-0,47%
195,42;198,58;198,58;195,42;-1,47%
198,34;200,57;200,57;198,34;-0,87%
200,09;201,68;201,68;200,09;-1,23%
202,58;202,31;202,58;202,31;-0,34%
203,28;202,23;203,28;202,23;0,61%
202,05;201,16;202,05;201,16;0,05%
201,95;201,41;201,95;201,41;0,01%
201,92;201,19;201,92;201,19;0,36%
201,19;201,19;201,19;201,19;-0,35%
201,89;201,24;201,89;201,24;0,03%
201,83;204,24;204,24;201,83;-1,27%
204,43;205,78;205,78;204,43;-0,50%
205,45;203,92;205,45;203,92;0,71%
204,01;202,03;204,01;202,03;1,18%
201,64;199,36;201,64;199,36;1,16%
199,33;199,92;199,92;199,33;-0,02%
199,37;198,11;199,37;198,11;0,52%
198,34;197,3;198,34;197,3;0,00%
198,34;195,34;198,34;195,34;1,70%
195,02;195,47;195,47;195,02;0,02%
194,99;193,95;194,99;193,95;0,61%
193,81;196,23;196,23;193,81;-1,37%
196,5;193,8;196,5;193,8;1,76%
193,11;192,8;193,11;192,8;-0,03%
193,17;194,56;194,56;193,17;-0,71%
194,56;198,72;198,72;194,56;-2,33%
199,2;195,07;199,2;195,07;1,72%
195,84;194,85;195,84;194,85;0,51%
194,85;195,04;195,04;194,85;-0,10%
195,04;196,4;196,4;195,04;-0,82%
196,65;199,09;199,09;196,65;-1,23%
199,1;201;201;199,1;-0,91%
200,93;203,7;203,7;200,93;-1,72%
204,44;205,1;205,1;204,44;-0,31%
205,08;205,78;205,78;205,08;-1,29%
207,75;206,77;207,75;206,77;-0,46%
208,71;208,46;208,71;208,46;0,12%
208,47;208,85;208,85;208,47;-0,65%
209,84;210,26;210,26;209,84;-0,55%
211;211;211;211;0,00%
211,01;214,83;214,83;211,01;-2,34%
216,06;216,47;216,47;216,06;-1,05%
218,35;219,76;219,76;218,35;-1,15%
220,89;216,52;220,89;216,52;2,04%
216,48;214,34;216,48;214,34;1,05%
214,23;213,85;214,23;213,85;0,19%
213,83;214,96;214,96;213,83;-1,54%
217,18;215,02;217,18;215,02;1,80%
213,34;213,34;213,34;213,34;-0,02%
213,38;215,25;215,25;213,38;-0,38%
214,2;214,2;214,2;214,2;0,00%
214,19;212,89;214,19;212,89;-0,48%
215,23;213,82;215,23;213,82;0,71%
213,72;209,47;213,72;209,47;2,48%
208,54;207,33;208,54;207,33;0,57%
207,35;198,77;207,35;198,77;3,87%
199,63;200,2;200,2;199,63;-1,00%
201,65;200,11;201,65;200,11;0,79%
200,06;201,82;201,82;200,06;-0,87%
201,81;200,8;201,81;200,8;-0,40%
202,63;199,46;202,63;199,46;0,00%
202,63;202,63;202,63;202,63;-1,23%
205,16;204,58;205,16;204,58;1,30%
202,53;202,53;202,53;202,53;-0,28%
203,09;203,09;203,09;203,09;-0,46%
204,02;204,55;204,55;204,02;-1,20%
206,5;205,8;206,5;205,8;-0,16%
206,83;211,37;211,37;206,83;-2,61%
212,37;214,1;214,1;212,37;-0,47%
213,38;213,95;213,95;213,38;-0,03%
213,45;217,49;217,49;213,45;-2,65%
219,26;219,03;220,14;219,03;-0,40%
220,14;219,03;220,14;219,03;-0,30%
220,8;220,4;220,8;220,4;-0,59%
222,11;217,95;222,11;217,95;1,68%
218,45;214,78;218,45;214,78;0,94%
216,42;215,79;216,42;215,79;-0,47%
217,44;218,14;218,14;217,44;-1,12%
219,9;218,78;219,9;218,78;0,00%
219,89;218,78;219,89;218,78;0,71%
218,33;218,78;218,78;218,33;-1,06%
220,66;219,79;220,66;219,79;-0,72%
222,25;212,22;222,25;212,22;4,14%
213,42;215,11;215,11;213,42;-1,45%
216,55;209,12;216,55;209,12;2,57%
211,13;208,96;211,13;208,96;1,04%
208,95;208,95;208,95;208,95;-4,50%
218,8;209,12;218,8;209,12;0,48%
217,75;221,14;221,14;217,75;-2,47%
223,26;211,55;223,26;211,55;4,84%
212,96;209,12;212,96;209,12;2,34%
208,09;205,83;208,09;205,83;0,35%
207,37;205,51;207,37;205,51;0,45%
206,45;203,98;206,45;203,98;0,76%
204,89;202,63;204,89;202,63;0,33%
204,21;204,18;204,21;204,18;-0,53%
205,29;204,94;205,29;204,94;-0,43%
206,18;206,14;206,18;206,14;-0,80%
207,84;206,94;207,84;206,94;-0,04%
207,93;208,55;208,55;207,93;-0,34%
208,63;206,66;208,63;206,66;-0,05%
208,74;208,55;208,74;208,55;-0,48%
209,75;209,05;209,75;209,05;0,03%
209,68;206,51;209,68;206,51;0,64%
208,34;206,51;208,34;206,51;-0,04%
208,43;209,39;209,39;208,43;-0,98%
210,49;209,36;210,49;209,36;0,03%
210,42;221,87;221,87;210,42;-2,47%
215,74;221,87;221,87;215,74;-3,55%
223,69;223,8;223,8;223,69;-0,77%
225,42;224,56;225,42;224,56;-0,64%
226,87;224,49;226,87;224,49;0,00%
226,86;225,31;226,86;225,31;-0,07%
227,02;229,87;229,87;227,02;0,29%
226,37;229,87;229,87;226,37;-1,53%
229,89;229,87;229,89;229,87;0,02%
229,85;229,39;229,85;229,39;-1,23%
232,72;231,64;232,72;231,64;0,39%
231,81;229,59;231,81;229,59;0,32%
231,08;228,18;231,08;228,18;0,54%
229,83;227,02;229,83;227,02;1,07%
227,39;230,36;230,36;227,39;-2,34%
232,85;235,39;235,39;232,85;-1,33%
235,98;242,33;242,33;235,98;-3,16%
243,67;239,89;243,67;239,89;0,03%
243,59;239,89;243,59;239,89;0,83%
241,58;242,77;242,77;241,58;-0,68%
243,24;242,11;243,24;242,11;-0,90%
245,46;245,42;245,46;245,42;-0,45%
246,58;249,96;249,96;246,58;-0,07%
246,75;249,96;249,96;246,75;-1,77%
251,19;252,71;252,71;251,19;-0,35%
252,07;253,49;253,49;252,07;0,92%
249,77;253,49;253,49;249,77;-2,51%
256,19;255,74;256,19;255,74;-0,18%
256,66;256,23;256,66;256,23;0,12%
256,36;256,6;256,6;256,36;-0,52%
257,7;257,13;257,7;257,13;0,01%
257,68;256,88;257,68;256,88;0,26%
257,02;256,6;257,02;256,6;0,00%
257,01;256,88;257,01;256,88;-0,36%
257,93;254,26;257,93;254,26;1,10%
255,13;253,82;255,13;253,82;0,15%
254,75;259,56;259,56;254,75;-2,44%
261,13;262,1;262,1;261,13;-0,56%
262,6;262,6;262,6;262,6;1,44%
258,88;252,24;252,24;252,24;3,22%
250,8;250,7;250,8;250,7;-0,85%
252,95;250,44;252,95;250,44;-0,17%
253,37;248,96;253,37;248,96;1,51%
249,59;250,44;250,44;249,59;-0,41%
250,63;248,96;250,63;248,96;0,44%
249,52;253,17;253,17;249,52;-1,30%
252,81;248,45;252,81;248,45;1,58%
248,88;246,7;248,88;246,7;0,35%
248,02;251,87;251,87;248,02;-1,69%
252,29;250,77;252,29;250,77;0,72%
250,48;249,51;250,48;249,51;0,17%
250,05;249,8;250,05;249,8;-0,10%
250,3;252,25;252,25;250,3;-0,73%
252,15;252,7;252,7;252,15;-0,74%
254,03;254,11;254,11;254,03;0,28%
253,32;245,73;253,32;245,73;2,87%
246,26;247,87;247,87;246,26;-0,64%
247,84;248,71;248,71;247,84;-0,52%
249,14;248,48;249,14;248,48;0,00%
249,14;248,74;249,14;248,74;0,09%
248,92;245,17;248,92;245,17;1,26%
245,83;245,88;245,88;245,83;-0,15%
246,19;248,23;248,23;246,19;-1,00%
248,67;248,01;248,67;248,01;-0,05%
248,8;244,66;248,8;244,66;1,39%
245,38;246,67;246,67;245,38;-0,68%
247,07;246,93;247,07;246,93;-0,40%
248,07;247,62;248,07;247,62;-0,04%
248,16;249,54;249,54;248,16;-0,62%
249,7;247,84;249,7;247,84;0,83%
247,64;246,43;247,64;246,43;0,52%
246,36;246,33;246,36;246,33;0,01%
246,33;250,86;250,86;246,33;-2,13%
251,7;254,67;254,67;251,7;-1,77%
256,23;260,85;260,85;256,23;-2,01%
261,48;245,06;261,48;245,06;5,76%
247,23;246,34;247,23;246,34;-0,88%
249,43;251,74;251,74;249,43;-1,82%
254,06;236,39;254,06;236,39;6,75%
238;234,79;238;234,79;1,54%
234,38;229,06;234,38;229,06;1,52%
230,88;232,85;232,85;230,88;-1,87%
235,28;235,48;235,48;235,28;-0,98%
237,6;236,73;237,6;236,73;-0,18%
238,03;234,86;238,03;234,86;0,44%
236,99;236,39;236,99;236,39;-0,21%
237,49;235,81;237,49;235,81;0,38%
236,6;243,26;243,26;236,6;-3,53%
245,26;245,93;245,93;245,26;-0,55%
246,61;230,83;246,61;230,83;0,99%
244,2;242,43;244,2;242,43;0,70%
242,5;237,35;242,5;237,35;1,76%
238,3;236,93;238,3;236,93;0,33%
237,51;233,05;237,51;233,05;1,52%
233,95;229,39;233,95;229,39;1,33%
230,87;230,83;230,87;230,83;-1,38%
234,11;240,75;240,75;234,11;-0,63%
235,6;240,75;240,75;239,11;-1,47%
239,11;240,75;240,75;239,11;-1,74%
243,35;237,36;243,35;237,36;0,98%
240,99;237,36;240,99;237,36;0,79%
239,1;237,62;239,1;237,62;0,03%
239,02;237,65;239,02;237,65;0,00%
239,01;240,1;240,1;239,01;-1,14%
241,77;244,42;244,42;241,77;-1,66%
245,85;244,32;245,85;244,32;0,36%
244,98;249,06;249,06;244,98;-1,88%
249,68;246,9;249,68;246,9;0,79%
247,72;243,91;247,72;243,91;1,68%
243,63;240,26;243,63;240,26;1,64%
239,71;232,76;239,71;232,76;2,41%
234,06;234,97;234,97;234,06;-1,59%
237,83;238,04;238,04;237,83;-0,31%
238,57;236,38;238,57;236,38;0,65%
237,03;239,34;239,34;237,03;-1,45%
240,51;241,28;241,28;240,51;-0,79%
242,43;240,81;242,43;240,81;-0,93%
244,7;241,73;244,7;241,73;0,53%
243,42;242,12;243,42;242,12;-0,01%
243,44;241,47;243,44;241,47;-0,07%
243,62;244,95;244,95;243,62;-1,53%
247,41;240,81;247,41;240,81;2,24%
241,98;240,81;241,98;240,81;0,01%
241,96;247,33;247,33;241,96;-3,19%
249,94;250,08;250,08;249,94;-0,47%
251,12;251,06;251,12;251,06;-0,52%
252,43;251,95;252,43;251,95;-0,19%
252,91;267,02;267,02;252,91;0,38%
251,96;252,03;252,03;251,96;0,35%
251,09;247,99;251,09;247,99;1,41%
247,59;252,26;252,26;247,59;-2,03%
252,71;252,21;252,71;252,21;-0,02%
252,77;257,64;257,64;252,77;-2,14%
258,29;267,02;267,02;258,29;-3,27%
267,03;269,79;269,79;267,03;-1,12%
270,05;272,98;272,98;270,05;-1,79%
274,98;272,87;274,98;272,87;0,00%
274,98;275,33;275,33;274,98;-0,26%
275,7;279,29;279,29;275,7;-1,05%
278,62;281,97;281,97;278,62;-1,39%
282,54;280,55;282,54;280,55;0,77%
280,39;279,93;280,39;279,93;-0,01%
280,42;278,13;280,42;278,13;1,03%
277,56;278,13;278,13;277,56;0,93%
275,01;278,08;278,08;275,01;2,68%
267,84;278,13;278,13;267,84;0,33%
266,97;278,13;278,13;266,97;-0,13%
267,32;278,13;278,13;267,32;-0,44%
268,51;278,08;278,08;268,51;-0,03%
268,59;278,13;278,13;268,59;-1,99%
274,04;278,13;278,13;274,04;-1,07%
276,99;278,08;278,08;276,99;-0,70%
278,93;278,08;278,93;278,08;0,35%
277,96;278,13;278,13;277,96;-1,15%
281,19;278,08;281,19;278,08;0,87%
278,76;278,13;278,76;278,13;-5,02%
293,5;278,13;293,5;278,13;5,75%
277,55;283,5;283,5;283,5;-0,70%
279,5;278,08;279,5;278,08;0,05%
279,37;283,5;283,5;279,37;-0,96%
282,07;293,97;293,97;282,07;-3,89%
293,5;294,07;294,07;293,5;0,79%
291,19;289,95;291,19;289,95;1,23%
287,65;285,48;287,65;285,48;0,79%
285,4;285,51;285,51;285,4;-0,01%
285,44;289,34;289,34;285,44;-0,66%
287,35;279,52;287,35;279,52;2,80%
279,52;279,52;279,52;279,52;0,37%
278,5;280,54;280,54;278,5;-0,56%
280,08;281,49;281,49;280,08;-0,12%
280,41;282,02;282,02;280,41;0,06%
280,23;276,49;280,23;276,49;2,32%
273,88;276,35;276,35;273,88;0,29%
273,08;276,74;276,74;273,08;-0,38%
274,13;269,9;274,13;269,9;1,99%
268,79;273,8;273,8;268,79;-0,66%
270,58;275,06;275,06;270,58;0,21%
270,01;275,06;275,06;270,01;-0,79%
272,15;277,25;277,25;272,15;-0,92%
274,67;281,5;281,5;274,67;-1,32%
278,34;281,36;281,36;278,34;-0,65%
280,17;288,8;288,8;280,17;-1,75%
285,15;284,33;285,15;284,33;0,83%
282,81;287,94;287,94;282,81;-0,62%
284,57;293,83;293,83;284,57;-0,98%
287,38;287,44;287,44;287,38;1,10%
284,25;287,69;287,69;284,25;-0,05%
284,38;292,57;292,57;284,38;-1,33%
288,21;296,11;296,11;288,21;-1,82%
293,54;289,65;293,54;289,65;2,89%
285,29;300,23;300,23;285,29;-0,78%
287,53;300,23;300,23;287,53;-3,65%
298,41;301,31;301,31;298,41;-0,16%
298,88;303,7;303,7;298,88;-1,05%
302,06;310,54;310,54;302,06;-1,56%
306,84;297,46;306,84;297,46;3,50%
296,45;296,94;296,94;296,45;-5,13%
312,48;317,1;317,1;312,48;-3,15%
322,64;317,19;322,64;317,19;-0,48%
324,19;313,68;324,19;313,68;0,95%
321,14;327,15;327,15;321,14;-3,35%
332,28;340,92;340,92;332,28;-3,41%
344,01;336,72;344,01;336,72;1,79%
337,96;331,95;337,96;331,95;0,46%
336,42;335,34;336,42;335,34;-0,78%
339,07;345,12;345,12;339,07;-2,64%
348,25;346,89;348,25;346,89;-0,25%
349,13;340,14;349,13;340,14;2,32%
341,2;351,52;351,52;341,2;-3,58%
353,88;358,53;358,53;353,88;-1,83%
360,49;362,6;362,6;360,49;-0,57%
362,57;360,94;362,57;360,94;0,00%
362,56;366,08;366,08;362,56;-1,26%
367,17;364,84;367,17;364,84;1,15%
363;363,61;363,61;363;0,17%
362,38;369,9;369,9;362,38;-2,00%
369,76;361,66;369,76;361,66;2,31%
361,4;361,51;361,51;361,4;0,01%
361,36;373,14;373,14;361,36;0,03%
361,26;373,14;373,14;361,26;-2,63%
371;387,55;387,55;371;-4,40%
388,06;382,36;388,06;382,36;1,53%
382,2;382,37;382,37;382,2;0,03%
382,1;379,33;382,1;379,33;0,75%
379,24;370,19;379,24;370,19;2,25%
370,91;369,53;370,91;369,53;0,31%
369,75;362,9;369,75;362,9;1,55%
364,12;365,43;365,43;364,12;-0,05%
364,3;360,84;364,3;360,84;0,91%
361,03;347,86;361,03;347,86;3,22%
349,76;339,74;349,76;339,74;3,33%
338,48;327,73;338,48;327,73;2,87%
329,05;324,15;329,05;324,15;1,08%
325,54;324,81;325,54;324,81;1,42%
320,97;324,81;324,81;320,97;-1,95%
327,36;322,47;327,36;322,47;1,64%
322,07;332,82;332,82;322,07;-4,04%
335,64;326,19;335,64;326,19;2,49%
327,5;315,12;327,5;315,12;4,55%
313,24;307,99;313,24;307,99;2,27%
306,28;307,99;307,99;306,28;0,73%
304,06;302,03;304,06;302,03;1,52%
299,51;301,89;301,89;299,51;0,03%
299,43;306,7;306,7;299,43;-1,42%
303,73;306,17;306,17;303,73;0,09%
303,47;304,86;304,86;303,47;0,84%
300,93;302,32;302,32;300,93;0,57%
299,23;300,66;300,66;299,23;0,45%
297,89;304,2;304,2;297,89;-1,06%
301,07;302,3;302,3;301,07;-0,47%
302,49;312,39;312,39;302,49;-2,08%
308,93;315,68;315,68;308,93;-1,35%
313,16;315,66;315,66;313,16;0,24%
312,4;324,28;324,28;312,4;-3,51%
323,77;330,37;330,37;323,77;-1,49%
328,68;332,16;332,16;328,68;-0,62%
330,74;334,1;334,1;330,74;-0,36%
331,95;331,66;331,95;331,66;0,65%
329,8;336,63;336,63;329,8;-1,42%
334,55;342,73;342,73;334,55;-0,91%
337,61;330,99;337,61;330,99;2,31%
330;336,83;336,83;330;-1,45%
334,84;339,07;339,07;334,84;-0,98%
338,17;348,76;348,76;338,17;-3,01%
348,65;352,53;352,53;348,65;-0,30%
349,7;351,93;351,93;349,7;-0,17%
350,31;306,78;350,31;306,78;-2,42%
359,01;360,91;360,91;359,01;0,44%
357,45;353,42;357,45;353,42;1,46%
352,29;358,4;358,4;352,29;-1,09%
356,18;349,57;356,18;349,57;2,26%
348,32;352,25;352,25;348,32;-0,25%
349,18;348,75;349,18;348,75;0,48%
347,51;353,02;353,02;347,51;-1,06%
351,22;358,29;358,29;351,22;-1,20%
355,5;358,39;358,39;355,5;-0,54%
357,43;364,44;364,44;357,43;-1,53%
363;359,58;363;359,58;1,47%
357,73;359,23;359,23;357,73;0,14%
357,23;352,36;357,23;352,36;2,10%
349,89;355;355;349,89;-0,78%
352,63;344,71;352,63;344,71;3,04%
342,24;340,13;342,24;340,13;1,28%
337,93;343,1;343,1;337,93;-1,40%
342,72;324,61;342,72;324,61;3,88%
329,91;324,61;329,91;324,61;1,96%
323,56;318,91;323,56;318,91;1,31%
319,39;326,51;326,51;319,39;-2,03%
326,01;320,47;326,01;320,47;2,10%
319,3;308,72;319,3;308,72;3,90%
307,31;298,28;307,31;298,28;4,67%
293,6;282,1;293,6;282,1;6,42%
275,9;281,7;281,7;275,9;0,01%
275,88;279,46;279,46;275,88;0,40%
274,78;275,82;275,82;274,78;1,13%
271,72;282,16;282,16;271,72;-1,66%
276,32;285,03;285,03;276,32;-1,35%
280,11;292,97;292,97;280,11;-2,68%
287,82;284,06;287,82;284,06;3,95%
276,87;278,66;278,66;276,87;1,20%
273,59;279,04;279,04;273,59;0,28%
272,83;275,71;275,71;272,83;1,26%
269,43;274,43;274,43;269,43;0,28%
268,69;272,33;272,33;268,69;0,78%
266,62;282,93;282,93;266,62;-4,35%
278,75;290,38;290,38;278,75;-2,60%
286,2;279,97;286,2;279,97;3,94%
275,35;273,35;275,35;273,35;2,69%
268,15;280,16;280,16;268,15;-2,96%
276,32;265,67;276,32;265,67;2,85%
268,66;268,8;268,8;268,66;2,30%
262,62;264,85;264,85;262,62;1,12%
259,71;258,58;259,71;258,58;1,98%
254,68;261,3;261,3;254,68;-1,07%
257,44;264,08;264,08;257,44;-0,89%
259,76;262,88;262,88;259,76;0,46%
258,56;261,09;261,09;258,56;0,72%
256,72;261,69;261,69;256,72;-0,30%
257,48;258,39;258,39;257,48;1,02%
254,88;256,57;256,57;254,88;1,89%
250,16;257,12;257,12;250,16;-0,48%
251,36;259,52;259,52;251,36;-1,30%
254,67;260,38;260,38;254,67;-0,36%
255,58;257,59;257,59;255,58;1,59%
251,59;257,21;257,21;251,59;-0,29%
252,32;258,33;258,33;252,32;0,01%
252,3;260,96;260,96;252,3;-1,07%
255,04;258,66;258,66;255,04;0,34%
254,18;253,76;254,18;253,76;1,93%
249,36;259,97;259,97;249,36;-2,36%
255,39;258,36;258,36;255,39;0,42%
254,32;260,13;260,13;254,32;-0,52%
255,66;257,15;257,15;255,66;1,14%
252,77;252,77;252,77;252,77;0,00%
252,77;267,16;267,16;252,77;-1,21%
255,86;267,16;267,16;255,86;-0,44%
256,98;267,16;267,16;256,98;0,11%
256,69;267,16;267,16;256,69;-1,97%
261,84;257,3;261,84;257,3;2,07%
256,54;257,3;257,3;256,54;0,94%
254,15;257,3;257,3;254,15;-0,94%
256,56;257,3;257,3;256,56;2,81%
249,54;257,3;257,3;249,54;2,51%
243,42;257,3;257,3;243,42;0,00%
243,43;257,3;257,3;243,43;1,05%
240,91;257,3;257,3;240,91;-0,26%
241,53;257,3;257,3;241,53;0,29%
240,84;257,3;257,3;240,84;-0,35%
241,68;257,3;257,3;241,68;-2,79%
248,61;257,3;257,3;248,61;-0,04%
248,7;257,3;257,3;248,7;0,47%
247,53;257,3;257,3;247,53;-0,67%
249,19;257,3;257,3;249,19;-1,52%
253,03;257,3;257,3;253,03;-0,94%
255,44;257,3;257,3;255,44;0,90%
253,16;254,11;254,11;253,16;1,21%
250,13;248,44;250,13;248,44;2,21%
244,73;252,43;252,43;244,73;-1,83%
249,3;255,3;255,3;249,3;-0,93%
251,65;257,8;257,8;251,65;-0,69%
253,39;255,68;255,68;253,39;0,06%
253,24;251,88;253,24;251,88;3,09%
245,66;251,57;251,57;245,66;0,00%
245,67;251,23;251,23;245,67;0,33%
244,87;260,9;260,9;244,87;-4,43%
256,23;268,67;268,67;256,23;-2,89%
263,86;263,42;263,86;263,42;1,19%
260,76;264,96;264,96;260,76;-2,09%
266,33;258,8;266,33;258,8;3,98%
256,14;245,78;256,14;245,78;4,71%
244,61;244,9;244,9;244,61;0,54%
243,29;246,79;246,79;243,29;-0,86%
245,4;240,7;245,4;240,7;3,30%
237,57;233,18;237,57;233,18;2,36%
232,1;232,31;232,31;232,1;-0,09%
232,31;234,04;234,04;232,31;0,16%
231,93;232,64;232,64;231,93;1,34%
228,86;228,86;228,86;228,86;0,89%
226,83;226,83;226,83;226,83;-0,30%
227,51;227,51;227,51;227,51;-0,83%
229,41;229,41;229,41;229,41;-3,53%
237,81;234,96;237,81;234,96;0,72%
236,1;236,1;236,1;236,1;-0,51%
237,3;235,85;237,3;235,85;1,27%
234,33;234,72;234,72;234,33;0,21%
233,83;234,72;234,72;233,83;0,32%
233,09;234,72;234,72;233,09;0,00%
233,1;234,72;234,72;233,1;0,00%
233,1;234,72;234,72;233,1;-0,18%
233,51;236,33;236,33;233,51;-0,53%
234,75;235,01;235,01;234,75;0,44%
233,73;234,27;234,27;233,73;0,18%
233,32;234,42;234,42;233,32;-0,03%
233,38;235,89;235,89;233,38;-0,72%
235,07;240,38;240,38;235,07;-1,53%
238,73;244,49;244,49;238,73;-1,75%
242,98;249,42;249,42;242,98;-2,87%
250,16;249,27;250,16;249,27;-0,02%
